Workbook

Sheet 안내
A1: 길어진 시간의 밀도 · 장면 데이터 시트 (초안)
A3: 목적 | B3: 웹사이트의 모든 분석(상호작용 × 감정 차트, 밀도, 관계 회고)의 원본 데이터. 이 시트가 확정되어야 화면의 수치가 확정됩니다.
A4: 채워 넣을 칸 | B4: 노란색 칸이 직접 입력할 칸입니다. 회색 머리줄과 '요약' 시트의 수식 칸은 수정하지 마세요.
A5: 채워진 내용의 출처 | B5: 기존 포스터·기획안·발표대본에 적힌 내용과 사용자가 알려준 사진 시각만 옮겼습니다. '출처' 열에 근거를 적어 두었습니다.
A6: 검토 상태 | B6: 모든 상호작용은 '미검토'로 시작합니다. 직접 확인한 줄만 '확정'으로 바꾸세요. 요약 시트는 '확정'이고 '걷기' 구간인 줄만 셉니다.
A7: 잠정 수치 | B7: 포스터 기호로 셌던 A 13회 · B 6회는 이 시트에 반영하지 않았습니다. 확정 전까지 요약 값은 0입니다.
A8: 구간 규칙 | B8: 걷기 = 출발 ~ 목적지 도착. 도착 후 행동은 '도착 후'로 분류하고 밀도에서 제외. A 카페 안 발화 = 도착 후. B '벌써 도착한 게 조금 아쉽다' = 발화 시점 확인 전까지 '확인 필요'(집계 제외).
A9: 경험 구분 | B9: '상호작용'만 집계합니다. 음악 감상·노을 감상처럼 혼자 한 경험은 '개인 경험'으로 두고, 친구와 대화하거나 함께 행동한 것이 확인되면 '상호작용'으로 바꾸고 유형을 지정하세요.
A10: 상호작용 유형 | B10: △ 이동·계획 대화 / ○ 상황·발견 대화 / □ 공동 행동 / ♥ 감정 공유. 한 줄 = 상호작용 1건.
A11: P / I | B11: P(공간적 예상 밖)는 '장면' 시트에, I(상호작용적 예상 밖)는 '상호작용' 시트의 개별 줄에 표시합니다. 네 유형과 별도로 집계합니다.
A12: 감정 | B12: 감정 종류 4가지(당황·혼란·불안 / 안정·평온 / 기쁨의 시작·즐거움 / 만족·행복감)와 강도 −2 ~ +2(회고 평가). 포스터 색에서 옮긴 종류는 '확인 필요'로 표시했습니다. 강도는 비어 있습니다.
A13: 관계 회고 | B13: 친밀도 점수는 쓰지 않습니다. '관계 회고' 시트에 특정 상호작용에서 동행자와의 관계를 어떻게 느꼈는지 문장으로 적습니다. 변화가 없었다면 없었다고 적어도 됩니다.
A14: 사진 기반 후보 | B14: 출처가 '사진에서 관찰된 후보'인 줄은 Claude가 사진을 보고 제안한 것입니다. 실제 기록이 아니므로 확인 후 확정하거나 '제외'로 바꾸세요.

Sheet 장면
A1: 장면 ID | B1: 사건 | C1: 순서 | D1: 구간 | E1: 장면 / 장소 | F1: 시각 | G1: 시각 근거 | H1: P (공간적 예상 밖) | I1: 포스터의 P·I 표기 | J1: 감정 종류 | K1: 감정 종류 근거 | L1: 감정 강도 (−2~+2) | M1: 대표 대화 | N1: 사진 파일 | O1: 메모
A2: A-0 | B2: A | C2: 0 | D2: 걷기 | E2: 출발 · 닫힌 카페 확인 | G2: 미확인 | H2: 확인 필요 | I2: P | J2: 당황·혼란·불안 | K2: 포스터 색 영역 · 확인 필요 | M2: "설마 오늘 문 닫은 거야?" | N2: 없음 | O2: 출발 시각·닫힌 카페 도착 시각 필요
A3: A-1 | B3: A | C3: 1 | D3: 걷기 | E3: 기념품샵 | F3: 13:16 | G3: 사진 시각 (사용자 제공) | H3: 확인 필요 | I3: P, I | J3: 안정·평온 | K3: 포스터 색 영역 · 확인 필요 | M3: "기념품샵 구경은 한 번 해야지!" | N3: 기념품샵1, 기념품샵2 | O3: 포스터의 I를 어떤 상호작용에 붙일지 지정 필요
A4: A-2 | B4: A | C4: 2 | D4: 걷기 | E4: 바다 | F4: 13:23 | G4: 사진 시각 (사용자 제공) | H4: 확인 필요 | I4: P, I | J4: 기쁨의 시작·즐거움 | K4: 포스터 색 영역 · 확인 필요 | M4: "와 제주도 오고 바다를 제대로 처음 봐!" | N4: 바다1, 바다2, 바다3, 바다4 | O4: 포스터: '장기간 머무름'. 다음 장면까지 26분
A5: A-3 | B5: A | C5: 3 | D5: 걷기 | E5: 선글라스 매장 | F5: 13:49 | G5: 사진 시각 (사용자 제공) | H5: 확인 필요 | I5: P, I | J5: 기쁨의 시작·즐거움 ~ 만족·행복감 | K5: 포스터 색 경계 · 확인 필요 | M5: "이거 잘 어울려?" | N5: 선글라스 매장 | O5: 포스터의 I를 어떤 상호작용에 붙일지 지정 필요
A6: A-4 | B6: A | C6: 4 | D6: 도착 후 | E6: 새로운 카페 (도착) | F6: 14:10 | G6: 사진 시각 · 도착 시각 아님 | H6: 확인 필요 | I6: P | J6: 만족·행복감 | K6: 포스터 색 영역 · 확인 필요 | M6: "여긴 원래 가려던 카페보다 전망이 좋다!" | N6: 새로운 카페1, 새로운 카페2, 새로운 카페3 | O6: 정확한 도착 시각 필요 (14:10 이전일 수 있음)
A7: B-0 | B7: B | C7: 0 | D7: 걷기 | E7: 출발 · 도보 이동 결정 | F7: 19:00경 | G7: 사용자 제공 | H7: 확인 필요 | I7: 없음 | J7: 안정·평온 | K7: 포스터 색 영역 · 확인 필요 | M7: "식당이 가까우니까 걸어서 가자" | N7: 없음 | O7: 계획 도착 시점 = 출발 + 8분
A8: B-1 | B8: B | C8: 1 | D8: 걷기 | E8: 돌담길 · 이동 중 | F8: 19:00~19:20 | G8: 사진별 시각 없음 · 순서 기준 | H8: 확인 필요 | I8: 없음 | J8: 만족·행복감 | K8: 포스터 색 영역 · 확인 필요 | M8: "와, 이런 길 보니까 제주도 온 느낌 난다." | N8: 이동 사진1~6 | O8: 사진별로 장면을 나눌지 결정 필요
A9: B-2 | B9: B | C9: 2 | D9: 확인 필요 | E9: 식당 도착 순간 | F9: 19:20 | G9: 사용자 제공 | H9: 확인 필요 | I9: 없음 | J9: 기쁨의 시작·즐거움 | K9: 포스터 색 영역 · 확인 필요 | M9: "배고프긴 한데, 벌써 도착한 게 조금 아쉽다!" | N9: 없음 | O9: 발화 시점 확인 전까지 구간 미확정
A10: B-3 | B10: B | C10: 3 | D10: 도착 후 | E10: 식당 안 | F10: 19:20 이후 | G10: 사용자 제공 | H10: 확인 필요 | I10: 없음 | N10: 식당 도착

Sheet 상호작용
A1: 상호작용 ID | B1: 장면 ID | C1: 사건 | D1: 구간 | E1: 유형 | F1: 행동 설명 | G1: 대화 인용 | H1: I (상호작용적 예상 밖) | I1: 출처 | J1: 검토 상태 | K1: 메모 | L1: 경험 구분
A2: A0-1 | B2: A-0 | C2: A | D2: 걷기 | F2: 카페가 닫힌 것을 확인하며 나눈 대화 | G2: "설마 오늘 문 닫은 거야?" | I2: 기존 포스터 (그래프 인용) | J2: 미검토 | K2: 포스터에 기호 없이 인용만 있음 · 유형 지정 필요 | L2: 상호작용
A3: A0-2 | B3: A-0 | C3: A | D3: 걷기 | E3: △ | F3: 계속 걸어 보자는 제안 | G3: "그럼 좀 더 걸어 볼까?" | I3: 기존 포스터 | J3: 미검토 | K3: 포스터: 부정→긍정 전환의 계기 | L3: 상호작용
A4: A1-1 | B4: A-1 | C4: A | D4: 걷기 | E4: ○ | F4: 새로운 장소 발견 | I4: 기존 포스터 | J4: 미검토 | L4: 상호작용
A5: A1-2 | B5: A-1 | C5: A | D5: 걷기 | E5: □ | F5: 기념품 함께 구경 | I5: 기존 포스터 | J5: 미검토 | L5: 상호작용
A6: A1-3 | B6: A-1 | C6: A | D6: 걷기 | E6: ♥ | F6: 마음에 드는 물건 공유 | I6: 기존 포스터 | J6: 미검토 | L6: 상호작용
A7: A2-1 | B7: A-2 | C7: A | D7: 걷기 | E7: ○ | F7: 바다를 발견하고 감탄 | G7: "와 제주도 오고 바다를 제대로 처음 봐!" | I7: 기존 포스터 | J7: 미검토 | L7: 상호작용
A8: A2-2 | B8: A-2 | C8: A | D8: 걷기 | E8: □ | F8: 바다 앞에서 함께 사진 촬영 | I8: 기존 포스터 | J8: 미검토 | L8: 상호작용
A9: A2-3 | B9: A-2 | C9: A | D9: 걷기 | E9: ♥ | F9: 예상치 못한 풍경에 대한 기쁨 공유 | I9: 기존 포스터 | J9: 미검토 | L9: 상호작용
A10: A3-1 | B10: A-3 | C10: A | D10: 걷기 | E10: ○ | F10: 대형 고양이 인형을 보고 궁금해져서 입장 | I10: 기존 포스터 | J10: 미검토 | L10: 상호작용
A11: A3-2 | B11: A-3 | C11: A | D11: 걷기 | E11: □ | F11: 선글라스를 써 보며 함께 구경 | I11: 기존 포스터 | J11: 미검토 | L11: 상호작용
A12: A3-3 | B12: A-3 | C12: A | D12: 걷기 | E12: ♥ | F12: 어울림에 대한 반응 공유 | G12: "이거 잘 어울려?" | I12: 기존 포스터 | J12: 미검토 | L12: 상호작용
A13: A3-4 | B13: A-3 | C13: A | D13: 걷기 | E13: △ | F13: 새 카페로 가자는 제안 | G13: "여기로 가자" | I13: 기존 포스터 | J13: 미검토 | K13: 선글라스 매장 이후 · 정확한 위치 확인 | L13: 상호작용
A14: A4-1 | B14: A-4 | C14: A | D14: 도착 후 | E14: □ | F14: 음료를 마시며 쉼 | I14: 기존 포스터 | J14: 미검토 | K14: 도착 후 · 밀도 제외 | L14: 상호작용
A15: A4-2 | B15: A-4 | C15: A | D15: 도착 후 | E15: ♥ | F15: 만족감 공유 | G15: "여기 오길 잘했다" | I15: 기존 포스터 | J15: 미검토 | K15: 사용자 결정: 카페 안 발화 = 도착 후 | L15: 상호작용
A16: B0-1 | B16: B-0 | C16: B | D16: 걷기 | E16: △ | F16: 식당까지 걸어가자는 제안 | G16: "식당이 가까우니까 걸어서 가자" | I16: 기존 포스터 | J16: 미검토 | L16: 상호작용
A17: B1-1 | B17: B-1 | C17: B | D17: 걷기 | E17: ○ | F17: 제주도스러운 돌담길 발견·감탄 | G17: "와, 이런 길 보니까 제주도 온 느낌 난다." | I17: 기존 포스터 | J17: 미검토 | L17: 상호작용
A18: B1-2 | B18: B-1 | C18: B | D18: 걷기 | E18: □ | F18: 함께 돌담길을 걸으며 구경, 사진 촬영 | I18: 기존 포스터 | J18: 미검토 | L18: 상호작용
A19: B1-3 | B19: B-1 | C19: B | D19: 걷기 | E19: ♥ | F19: 제주에 온 느낌 공유 | I19: 기존 포스터 | J19: 미검토 | L19: 상호작용
A20: B1-4 | B20: B-1 | C20: B | D20: 걷기 | F20: 음악 감상 | I20: 기획안 (포스터에 없음) | J20: 미검토 | K20: 친구와 함께 듣거나 대화한 것이 확인되면 상호작용으로 변경 | L20: 개인 경험
A21: B1-5 | B21: B-1 | C21: B | D21: 걷기 | F21: 노을 감상 | I21: 기획안 (포스터에 없음) | J21: 미검토 | K21: 함께 이야기하거나 행동한 것이 확인되면 상호작용으로 변경 | L21: 개인 경험
A22: B1-6 | B22: B-1 | C22: B | D22: 걷기 | F22: 같은 포즈를 취하며 함께 사진 촬영 | I22: 사진에서 관찰된 후보 (Claude) | J22: 미검토 | K22: 실제 기록 아님 · 확인 후 확정 또는 제외 | L22: 상호작용
A23: B1-7 | B23: B-1 | C23: B | D23: 걷기 | F23: 볼록거울에 비친 모습을 함께 촬영 | I23: 사진에서 관찰된 후보 (Claude) | J23: 미검토 | K23: B1-2와 같은 행동인지 확인 | L23: 상호작용
A24: B2-1 | B24: B-2 | C24: B | D24: 확인 필요 | E24: ♥ | F24: 걷기가 끝나는 아쉬움 공유 | G24: "배고프긴 한데, 벌써 도착한 게 조금 아쉽다!" | I24: 기존 포스터 | J24: 미검토 | K24: 발화 시점 확인 전까지 걷기 구간으로 확정하지 않음 | L24: 상호작용
A25: B3-1 | B25: B-3 | C25: B | D25: 도착 후 | E25: □ | F25: 함께 식사하기 | I25: 기존 포스터 | J25: 미검토 | K25: 도착 후 · 밀도 제외 | L25: 상호작용

Sheet 관계 회고
A1: 장면 ID | B1: 연결된 상호작용 ID | C1: 그 순간의 상호작용 | D1: 회고 질문 | E1: 회고 서술 (직접 작성) | F1: 느낀 감정·유대의 키워드 (선택)
A2: A-0 | B2: A0-2 | C2: △ 계속 걸어 보자는 제안 | D2: 당황한 상황에서 이 제안을 들었을 때 동행자를 어떻게 느꼈나요?
A3: A-1 | B3: A1-2, A1-3 | C3: □ 기념품 함께 구경 / ♥ 물건 공유 | D3: 이 순간 동행자와의 관계를 어떻게 느꼈나요? 달라진 점이 없었다면 그대로 적어 주세요.
A4: A-2 | B4: A2-1, A2-2, A2-3 | C4: ○ 바다 발견 / □ 함께 사진 / ♥ 기쁨 공유 | D4: 이 순간 동행자와의 관계를 어떻게 느꼈나요? 달라진 점이 없었다면 그대로 적어 주세요.
A5: A-3 | B5: A3-2, A3-3 | C5: □ 선글라스 구경 / ♥ 어울림 반응 | D5: 이 순간 동행자와의 관계를 어떻게 느꼈나요? 달라진 점이 없었다면 그대로 적어 주세요.
A6: B-1 | B6: B1-1, B1-2, B1-3 | C6: ○ 돌담길 감탄 / □ 함께 구경·사진 / ♥ 제주 느낌 공유 | D6: 이 순간 동행자와의 관계를 어떻게 느꼈나요? 달라진 점이 없었다면 그대로 적어 주세요.
A7: B-2 | B7: B2-1 | C7: ♥ 걷기가 끝나는 아쉬움 공유 | D7: 걷기가 끝날 때 아쉬움을 함께 말한 것은 어떤 의미였나요?

Sheet 요약
A1: 경험의 밀도 요약 · '확정' + '걷기' 구간만 집계
A3: 항목 | B3: 사건 A | C3: 사건 B | D3: 근거 · 메모
A4: 걷기 출발 시각 | C4: 0.79166667 | D4: A: 미확인 / B: 사용자 제공 '19:00쯤'
A5: 목적지 도착 시각 | C5: 0.80555556 | D5: A: 새 카페 도착 시각 미확인 (14:10은 사진 시각) / B: 사용자 제공
A6: 걷기 시간 (분) | B6: =IF(OR(B4="",B5=""),"",ROUND((B5-B4)*1440,0)) | C6: =IF(OR(C4="",C5=""),"",ROUND((C5-C4)*1440,0)) -> 20 | D6: 도착 − 출발 · 시각이 비면 계산하지 않음
A8: △ 이동·계획 대화 | B8: =COUNTIFS(상호작용!$C$2:$C$55,"A",상호작용!$D$2:$D$55,"걷기",상호작용!$E$2:$E$55,"△",상호작용!$J$2:$J$55,"확정",상호작용!$L$2:$L$55,"상호작용") -> 0 | C8: =COUNTIFS(상호작용!$C$2:$C$55,"B",상호작용!$D$2:$D$55,"걷기",상호작용!$E$2:$E$55,"△",상호작용!$J$2:$J$55,"확정",상호작용!$L$2:$L$55,"상호작용") -> 0 | D8: 상호작용 시트에서 자동 집계
A9: ○ 상황·발견 대화 | B9: =COUNTIFS(상호작용!$C$2:$C$55,"A",상호작용!$D$2:$D$55,"걷기",상호작용!$E$2:$E$55,"○",상호작용!$J$2:$J$55,"확정",상호작용!$L$2:$L$55,"상호작용") -> 0 | C9: =COUNTIFS(상호작용!$C$2:$C$55,"B",상호작용!$D$2:$D$55,"걷기",상호작용!$E$2:$E$55,"○",상호작용!$J$2:$J$55,"확정",상호작용!$L$2:$L$55,"상호작용") -> 0 | D9: 상호작용 시트에서 자동 집계
A10: □ 공동 행동 | B10: =COUNTIFS(상호작용!$C$2:$C$55,"A",상호작용!$D$2:$D$55,"걷기",상호작용!$E$2:$E$55,"□",상호작용!$J$2:$J$55,"확정",상호작용!$L$2:$L$55,"상호작용") -> 0 | C10: =COUNTIFS(상호작용!$C$2:$C$55,"B",상호작용!$D$2:$D$55,"걷기",상호작용!$E$2:$E$55,"□",상호작용!$J$2:$J$55,"확정",상호작용!$L$2:$L$55,"상호작용") -> 0 | D10: 상호작용 시트에서 자동 집계
A11: ♥ 감정 공유 | B11: =COUNTIFS(상호작용!$C$2:$C$55,"A",상호작용!$D$2:$D$55,"걷기",상호작용!$E$2:$E$55,"♥",상호작용!$J$2:$J$55,"확정",상호작용!$L$2:$L$55,"상호작용") -> 0 | C11: =COUNTIFS(상호작용!$C$2:$C$55,"B",상호작용!$D$2:$D$55,"걷기",상호작용!$E$2:$E$55,"♥",상호작용!$J$2:$J$55,"확정",상호작용!$L$2:$L$55,"상호작용") -> 0 | D11: 상호작용 시트에서 자동 집계
A12: 상호작용 합계 (걷기 구간) | B12: =SUM(B8:B11) -> 0 | C12: =SUM(C8:C11) -> 0
A13: 10분당 상호작용 (경험의 밀도) | B13: =IF(OR(B6="",B6=0),"시간 미확정",ROUND(B12/B6*10,1)) -> 시간 미확정 | C13: =IF(OR(C6="",C6=0),"시간 미확정",ROUND(C12/C6*10,1)) -> 0 | D13: 합계 ÷ 걷기 시간 × 10
A15: I (상호작용적 예상 밖) · 별도 집계 | B15: =COUNTIFS(상호작용!$C$2:$C$55,"A",상호작용!$D$2:$D$55,"걷기",상호작용!$H$2:$H$55,"예",상호작용!$J$2:$J$55,"확정",상호작용!$L$2:$L$55,"상호작용") -> 0 | C15: =COUNTIFS(상호작용!$C$2:$C$55,"B",상호작용!$D$2:$D$55,"걷기",상호작용!$H$2:$H$55,"예",상호작용!$J$2:$J$55,"확정",상호작용!$L$2:$L$55,"상호작용") -> 0 | D15: 네 유형 합계와 섞지 않음
A16: P (공간적 예상 밖) 장면 수 | B16: =COUNTIFS(장면!$B$2:$B$60,"A",장면!$D$2:$D$60,"걷기",장면!$H$2:$H$60,"예") -> 0 | C16: =COUNTIFS(장면!$B$2:$B$60,"B",장면!$D$2:$D$60,"걷기",장면!$H$2:$H$60,"예") -> 0 | D16: 장면 시트에서 '예'로 표시한 걷기 장면
A17: 도착 후 상호작용 (밀도 제외) | B17: =COUNTIFS(상호작용!$C$2:$C$55,"A",상호작용!$D$2:$D$55,"도착 후",상호작용!$J$2:$J$55,"확정",상호작용!$L$2:$L$55,"상호작용") -> 0 | C17: =COUNTIFS(상호작용!$C$2:$C$55,"B",상호작용!$D$2:$D$55,"도착 후",상호작용!$J$2:$J$55,"확정",상호작용!$L$2:$L$55,"상호작용") -> 0
A18: 구간 확인 필요 (집계 보류) | B18: =COUNTIFS(상호작용!$C$2:$C$55,"A",상호작용!$D$2:$D$55,"확인 필요") -> 0 | C18: =COUNTIFS(상호작용!$C$2:$C$55,"B",상호작용!$D$2:$D$55,"확인 필요") -> 1 | D18: 발화·행동 시점이 확인되면 걷기 또는 도착 후로 변경
A19: 개인 경험 (상호작용 집계 제외) | B19: =COUNTIFS(상호작용!$C$2:$C$55,"A",상호작용!$L$2:$L$55,"개인 경험") -> 0 | C19: =COUNTIFS(상호작용!$C$2:$C$55,"B",상호작용!$L$2:$L$55,"개인 경험") -> 2 | D19: 음악 감상, 노을 감상 등
A20: 미검토 상호작용 수 | B20: =COUNTIFS(상호작용!$C$2:$C$55,"A",상호작용!$J$2:$J$55,"미검토") -> 14 | C20: =COUNTIFS(상호작용!$C$2:$C$55,"B",상호작용!$J$2:$J$55,"미검토") -> 10 | D20: 0이 되어야 요약이 확정됩니다
